Title,Area,Date,Link
RN Full Time & Part Time Flexible Position in Hospice,La Oc ,08.04.21,https://radiokorea.com/bulletin/bbs/board.php?bo_table=c_jobs&wr_id=2948713&page=1
Transportation & Freight Forwarding Positions Open,"Carson, Ca ",08.04.21,https://radiokorea.com/bulletin/bbs/board.php?bo_table=c_jobs&wr_id=2948705&page=1
Furniture For Life Store의 L.A. Koreatown Plaza Mall 신규 오픈 매장에서 함께 할 인재를 찾고 있습니다.,Los Angeles ,08.04.21,https://radiokorea.com/bulletin/bbs/board.php?bo_table=c_jobs&wr_id=2948667&page=2
WEB / E-COMMERCE POSITION (ENTRY LEVEL),Los Angeles ,08.04.21,https://radiokorea.com/bulletin/bbs/board.php?bo_table=c_jobs&wr_id=2948655&page=3
sushi chef /kitchen chef,Riverside/chino ,08.04.21,https://radiokorea.com/bulletin/bbs/board.php?bo_table=c_jobs&wr_id=2948646&page=3
Termite & Pest Control 방역회사에서 technician 을 구합니다.,Los Angeles ,08.04.21,https://radiokorea.com/bulletin/bbs/board.php?bo_table=c_jobs&wr_id=2948622&page=4
Termite & Pest Control 방역회사에서 technician 을 구합니다.,Los Angeles ,08.04.21,https://radiokorea.com/bulletin/bbs/board.php?bo_table=c_jobs&wr_id=2948611&page=4
"laguna beach high end sushi , server, kitchen",Laguna Beach ,08.04.21,https://radiokorea.com/bulletin/bbs/board.php?bo_table=c_jobs&wr_id=2948598&page=5
VISITAR CLIENTE DE GUADALAJARA POR 5 DIAS EN 2 MESES,Vernon ,08.04.21,https://radiokorea.com/bulletin/bbs/board.php?bo_table=c_jobs&wr_id=2948583&page=5
Production coordinator position (Apparel Company),Commerce ,08.04.21,https://radiokorea.com/bulletin/bbs/board.php?bo_table=c_jobs&wr_id=2948550&page=7
